{
    "G": 1.0,
    "L": 10.0,
    "N": 64,
    "steps_per_cycle": 50,
    "num_cycles": 2,
    "dt": 0.05,
    "m": 1.0,
    "boundary_condition": "periodic",
    "collapse_rate": 0.11375540844608736,
    "collapse_sigma": 0.2818640804157564,
    "collapse_amplitude": 0.7587799816000169,
    "continuous_noise_amplitude": 0.01493783426530973,
    "density_decay": 0.9624684430435764,
    "relativistic_factor": 0.005200680211778108
}