{
    "G": 1.0,
    "L": 10.0,
    "N": 64,
    "steps_per_cycle": 50,
    "num_cycles": 2,
    "dt": 0.05,
    "m": 1.0,
    "boundary_condition": "periodic",
    "collapse_rate": 0.3116807785868888,
    "collapse_sigma": 0.23982773733932972,
    "collapse_amplitude": 1.2464986641897378,
    "continuous_noise_amplitude": 0.01496030424008159,
    "density_decay": 0.9514886321742455,
    "relativistic_factor": 0.007691257626934451
}