{
    "G": 1.0,
    "L": 10.0,
    "N": 64,
    "steps_per_cycle": 50,
    "num_cycles": 2,
    "dt": 0.05,
    "m": 1.0,
    "boundary_condition": "periodic",
    "collapse_rate": 0.22384216744369603,
    "collapse_sigma": 0.22008733625562513,
    "collapse_amplitude": 0.6365653023629587,
    "continuous_noise_amplitude": 0.00530389076881382,
    "density_decay": 0.9733797279683589,
    "relativistic_factor": 0.009740786888764525
}