{
    "G": 1.0,
    "L": 10.0,
    "N": 64,
    "steps_per_cycle": 50,
    "num_cycles": 2,
    "dt": 0.05,
    "m": 1.0,
    "boundary_condition": "periodic",
    "collapse_rate": 0.4130231807946797,
    "collapse_sigma": 0.2110583570138566,
    "collapse_amplitude": 1.0356231402443403,
    "continuous_noise_amplitude": 0.005609560303608198,
    "density_decay": 0.9746062746431432,
    "relativistic_factor": 0.008060351236357845
}