{
    "G": 1.0,
    "L": 10.0,
    "N": 64,
    "steps_per_cycle": 50,
    "num_cycles": 2,
    "dt": 0.05,
    "m": 1.0,
    "boundary_condition": "periodic",
    "collapse_rate": 0.1,
    "collapse_sigma": 0.2865112609045951,
    "collapse_amplitude": 0.5,
    "continuous_noise_amplitude": 0.009027802248644006,
    "density_decay": 0.9801527355598252,
    "relativistic_factor": 0.004747035596008536
}