{
    "G": 1.0,
    "L": 10.0,
    "N": 64,
    "steps_per_cycle": 50,
    "num_cycles": 2,
    "dt": 0.05,
    "m": 1.0,
    "boundary_condition": "periodic",
    "collapse_rate": 0.1945203840048805,
    "collapse_sigma": 0.2343295285973547,
    "collapse_amplitude": 0.676295334180352,
    "continuous_noise_amplitude": 0.007002514389757315,
    "density_decay": 0.9610029683141215,
    "relativistic_factor": 0.008638760722798285
}