{
    "G": 1.0,
    "L": 10.0,
    "N": 64,
    "steps_per_cycle": 50,
    "num_cycles": 2,
    "dt": 0.05,
    "m": 1.0,
    "boundary_condition": "periodic",
    "collapse_rate": 0.1179234836399845,
    "collapse_sigma": 0.2553368143169332,
    "collapse_amplitude": 0.5353017309794985,
    "continuous_noise_amplitude": 0.016489032528952532,
    "density_decay": 0.965323083984705,
    "relativistic_factor": 0.0016799027829529057
}