Measurement,Value
Target slope,-1.0922736086899392
Intercept,-42.727600650615344
Mean PSD,4.122356539967124e-42
