{
    "G": 1.0,
    "L": 10.0,
    "N": 64,
    "steps_per_cycle": 50,
    "num_cycles": 2,
    "dt": 0.05,
    "m": 1.0,
    "boundary_condition": "periodic",
    "collapse_rate": 0.17861945085619624,
    "collapse_sigma": 0.26731047878920067,
    "collapse_amplitude": 0.5580077854228134,
    "continuous_noise_amplitude": 0.01288980819672179,
    "density_decay": 0.9501039072275045,
    "relativistic_factor": 0.009425037244254196
}