{
    "G": 1.0,
    "L": 10.0,
    "N": 64,
    "steps_per_cycle": 50,
    "num_cycles": 2,
    "dt": 0.05,
    "m": 1.0,
    "boundary_condition": "periodic",
    "collapse_rate": 0.2055234428979997,
    "collapse_sigma": 0.3,
    "collapse_amplitude": 0.7035089514003484,
    "continuous_noise_amplitude": 0.018179116331257638,
    "density_decay": 0.9822768321188253,
    "relativistic_factor": 0.009356394407494363
}