{
    "best_overall": [
        {
            "collapse_rate": 0.438681462455503,
            "collapse_sigma": 0.2745002806491405,
            "collapse_amplitude": 0.7840066335265223,
            "continuous_noise_amplitude": 0.01965532134341296,
            "density_decay": 0.9712108169072123,
            "relativistic_factor": 0.006624738604055035
        },
        -0.09403346110912914,
        -4.905966538890871
    ],
    "all_iterations": [
        [
            [
                {
                    "collapse_rate": 0.49215559079639404,
                    "collapse_sigma": 0.2721280522003071,
                    "collapse_amplitude": 0.7448708996932627,
                    "continuous_noise_amplitude": 0.018769988034376114,
                    "density_decay": 0.975818665013645,
                    "relativistic_factor": 0.00688502747728298
                },
                -0.2828453676527243,
                -4.717154632347276
            ],
            [
                {
                    "collapse_rate": 0.4879399832521132,
                    "collapse_sigma": 0.20016863720970546,
                    "collapse_amplitude": 1.424716697869321,
                    "continuous_noise_amplitude": 0.010621782684219008,
                    "density_decay": 0.9763106979145146,
                    "relativistic_factor": 0.007559266409146899
                },
                -0.37620965824640695,
                -4.623790341753593
            ],
            [
                {
                    "collapse_rate": 0.4484291562717888,
                    "collapse_sigma": 0.2974543715111966,
                    "collapse_amplitude": 0.7551650468957349,
                    "continuous_noise_amplitude": 0.01520287690326292,
                    "density_decay": 0.9735926519711522,
                    "relativistic_factor": 0.007171859148642549
                },
                -0.4497307002900497,
                -5.44973070029005
            ],
            [
                {
                    "collapse_rate": 0.30914825516271704,
                    "collapse_sigma": 0.2920383914118819,
                    "collapse_amplitude": 0.8678070663997215,
                    "continuous_noise_amplitude": 0.014767793203766068,
                    "density_decay": 0.9740467649357534,
                    "relativistic_factor": 0.0011514232493626553
                },
                -0.7062519219125569,
                -5.706251921912557
            ],
            [
                {
                    "collapse_rate": 0.29882401667389225,
                    "collapse_sigma": 0.26210838884747867,
                    "collapse_amplitude": 0.7945132646317407,
                    "continuous_noise_amplitude": 0.012855646552399774,
                    "density_decay": 0.9875004449775796,
                    "relativistic_factor": 0.004652365111691132
                },
                -0.8393199370667128,
                -5.839319937066713
            ]
        ],
        [
            [
                {
                    "collapse_rate": 0.438681462455503,
                    "collapse_sigma": 0.2745002806491405,
                    "collapse_amplitude": 0.7840066335265223,
                    "continuous_noise_amplitude": 0.01965532134341296,
                    "density_decay": 0.9712108169072123,
                    "relativistic_factor": 0.006624738604055035
                },
                -0.09403346110912914,
                -4.905966538890871
            ],
            [
                {
                    "collapse_rate": 0.4386627712033773,
                    "collapse_sigma": 0.2569807667858618,
                    "collapse_amplitude": 0.5109459316658854,
                    "continuous_noise_amplitude": 0.017690224008409434,
                    "density_decay": 0.9725610133190347,
                    "relativistic_factor": 0.005896710775374743
                },
                -0.26185358798923364,
                -4.738146412010766
            ],
            [
                {
                    "collapse_rate": 0.45277048228683786,
                    "collapse_sigma": 0.22843036899212393,
                    "collapse_amplitude": 0.9520850449708416,
                    "continuous_noise_amplitude": 0.016703831854930365,
                    "density_decay": 0.9705809051460086,
                    "relativistic_factor": 0.006528565139262511
                },
                -0.42263001180727855,
                -4.5773699881927215
            ],
            [
                {
                    "collapse_rate": 0.44213149950678643,
                    "collapse_sigma": 0.26690577570966717,
                    "collapse_amplitude": 0.6710070772583289,
                    "continuous_noise_amplitude": 0.01853173141434342,
                    "density_decay": 0.9839127065000401,
                    "relativistic_factor": 0.009072082951550285
                },
                -0.53615972093852,
                -5.53615972093852
            ],
            [
                {
                    "collapse_rate": 0.4026050410060222,
                    "collapse_sigma": 0.22306651321569215,
                    "collapse_amplitude": 0.6085720468676701,
                    "continuous_noise_amplitude": 0.01892414656107582,
                    "density_decay": 0.9811670710814857,
                    "relativistic_factor": 0.009179744001189
                },
                -0.6146823405101935,
                -5.6146823405101935
            ]
        ],
        [
            [
                {
                    "collapse_rate": 0.4287220667903454,
                    "collapse_sigma": 0.28020654099320713,
                    "collapse_amplitude": 0.6873890913703216,
                    "continuous_noise_amplitude": 0.01950880037003368,
                    "density_decay": 0.969005022556353,
                    "relativistic_factor": 0.006500958708196042
                },
                -0.7661743079077699,
                -5.76617430790777
            ],
            [
                {
                    "collapse_rate": 0.4185812386212677,
                    "collapse_sigma": 0.2878317362943093,
                    "collapse_amplitude": 0.7803355636328704,
                    "continuous_noise_amplitude": 0.019236195657422968,
                    "density_decay": 0.9692113557654426,
                    "relativistic_factor": 0.006703275849024825
                },
                -0.877861973284773,
                -5.877861973284773
            ],
            [
                {
                    "collapse_rate": 0.41356163935453927,
                    "collapse_sigma": 0.27303738735156363,
                    "collapse_amplitude": 0.8432472494145244,
                    "continuous_noise_amplitude": 0.018841905871013243,
                    "density_decay": 0.9674820509204504,
                    "relativistic_factor": 0.006344416312473094
                },
                -0.898517893779613,
                -5.898517893779613
            ],
            [
                {
                    "collapse_rate": 0.44800454462606953,
                    "collapse_sigma": 0.26657395384783483,
                    "collapse_amplitude": 0.7883844929188728,
                    "continuous_noise_amplitude": 0.019810775508867215,
                    "density_decay": 0.9704852791822886,
                    "relativistic_factor": 0.006704494722835873
                },
                -0.9283808073552162,
                -5.928380807355216
            ],
            [
                {
                    "collapse_rate": 0.46017664168998484,
                    "collapse_sigma": 0.2790857157129011,
                    "collapse_amplitude": 0.795848149372865,
                    "continuous_noise_amplitude": 0.01914311512586195,
                    "density_decay": 0.9692880284618034,