{
    "G": 1.0,
    "L": 10.0,
    "N": 64,
    "steps_per_cycle": 50,
    "num_cycles": 2,
    "dt": 0.05,
    "m": 1.0,
    "boundary_condition": "periodic",
    "collapse_rate": 0.3016309972826855,
    "collapse_sigma": 0.27980499144502446,
    "collapse_amplitude": 0.6093226672523067,
    "continuous_noise_amplitude": 0.006333217199979645,
    "density_decay": 0.9796189941414591,
    "relativistic_factor": 0.007491792443550295
}