{
    "G": 1.0,
    "L": 10.0,
    "N": 64,
    "steps_per_cycle": 50,
    "num_cycles": 2,
    "dt": 0.05,
    "m": 1.0,
    "boundary_condition": "periodic",
    "collapse_rate": 0.3642303052421806,
    "collapse_sigma": 0.2784655322290942,
    "collapse_amplitude": 0.5907014365794551,
    "continuous_noise_amplitude": 0.01767588157750789,
    "density_decay": 0.9835767467181701,
    "relativistic_factor": 0.00714978356872333
}