{
    "G": 1.0,
    "L": 10.0,
    "N": 64,
    "steps_per_cycle": 50,
    "num_cycles": 2,
    "dt": 0.05,
    "m": 1.0,
    "boundary_condition": "periodic",
    "collapse_rate": 0.17242456105625883,
    "collapse_sigma": 0.3,
    "collapse_amplitude": 0.5,
    "continuous_noise_amplitude": 0.005225479822021205,
    "density_decay": 0.9831416626069474,
    "relativistic_factor": 0.005439470643001487
}